City_ID,City,Country,Date,Lat,Lng,Max Temp,Humidity,Cloudiness,Wind Speed
0,Hermanus,ZA,2021-03-23 00:01:01,-34.4187,19.2345,66.0,76,0,10.0
1,Ixtapa,MX,2021-03-22 23:56:30,20.7,-105.2,77.0,61,20,16.11
2,Buraydah,SA,2021-03-23 00:01:01,26.326,43.975,71.6,33,0,4.61
3,Adre,TD,2021-03-23 00:01:02,13.4667,22.2,81.43,20,83,3.96
4,Bosaso,SO,2021-03-23 00:01:02,11.2842,49.1816,75.67,49,1,4.97
5,Port Alfred,ZA,2021-03-23 00:01:03,-33.5906,26.891,65.53,79,43,6.58
6,Castro,BR,2021-03-23 00:01:03,-24.7911,-50.0119,65.1,89,92,0.94
7,Butaritari,KI,2021-03-23 00:01:04,3.0707,172.7902,80.92,80,96,18.59
8,Busselton,AU,2021-03-23 00:01:04,-33.65,115.3333,55.99,84,40,1.01
9,Thompson,CA,2021-03-23 00:01:05,55.7435,-97.8558,23.0,63,75,11.5
10,Vaini,TO,2021-03-23 00:01:05,-21.2,-175.2,80.6,78,75,8.05
11,San Cristobal,VE,2021-03-23 00:01:05,7.7669,-72.225,78.8,78,40,5.75
12,Namatanai,PG,2021-03-23 00:01:06,-3.6667,152.4333,85.41,66,50,5.21
13,Rikitea,PF,2021-03-23 00:01:06,-23.1203,-134.9692,80.17,73,3,11.9
14,Mataura,NZ,2021-03-23 00:01:06,-46.1927,168.8643,57.0,95,81,1.99
15,Albany,US,2021-03-23 00:00:08,42.6001,-73.9662,64.4,20,1,6.91
16,Punta Arenas,CL,2021-03-23 00:01:07,-53.15,-70.9167,55.4,62,75,10.36
17,Esperance,AU,2021-03-23 00:01:07,-33.8667,121.9,60.8,72,90,11.5
18,Atuona,PF,2021-03-23 00:01:08,-9.8,-139.0333,80.74,71,12,18.34
19,New Norfolk,AU,2021-03-23 00:01:08,-42.7826,147.0587,69.01,63,86,1.99
20,Cape Town,ZA,2021-03-22 23:58:43,-33.9258,18.4232,68.0,68,0,19.57
21,Brokopondo,SR,2021-03-23 00:01:08,4.75,-55.1667,76.19,88,93,10.13
22,Faanui,PF,2021-03-23 00:01:09,-16.4833,-151.75,83.95,73,7,15.73
23,Lebu,CL,2021-03-23 00:01:09,-37.6167,-73.65,55.67,89,36,9.73
24,Toora-Khem,RU,2021-03-23 00:01:09,52.4675,96.11,24.55,96,98,1.43
25,East London,ZA,2021-03-22 23:58:58,-33.0153,27.9116,67.05,77,90,7.76
26,Waw,SS,2021-03-23 00:01:10,7.7029,27.9953,79.03,64,100,4.63
27,Artesianon,GR,2021-03-23 00:01:10,39.4028,21.8947,45.0,70,75,12.66
28,Jardim Do Serido,BR,2021-03-23 00:01:10,-6.5844,-36.7744,79.03,67,75,10.49
29,Marrakesh,MA,2021-03-22 23:56:59,31.6315,-8.0083,53.6,66,0,2.3
30,Nome,US,2021-03-23 00:01:11,64.5011,-165.4064,6.01,71,1,23.02
31,Pingzhuang,CN,2021-03-23 00:00:55,42.0372,119.2889,46.2,27,66,4.9
32,Eureka,US,2021-03-22 23:57:19,40.8021,-124.1637,52.0,88,97,8.01
33,Preobrazheniye,RU,2021-03-23 00:01:11,42.9019,133.9064,38.05,61,16,8.32
34,Barrow,US,2021-03-23 00:01:11,71.2906,-156.7887,-9.4,64,20,6.91
35,Merced,US,2021-03-23 00:00:52,37.1666,-120.7516,64.4,39,1,14.97
36,Qaanaaq,GL,2021-03-23 00:01:12,77.484,-69.3632,-16.91,70,95,6.76
37,Beloha,MG,2021-03-23 00:01:12,-25.1667,45.05,74.01,93,61,3.78
38,Khilok,RU,2021-03-23 00:01:12,51.3674,110.4676,28.83,81,47,8.39
39,Khatanga,RU,2021-03-23 00:01:13,71.9667,102.5,-19.46,81,99,7.31
40,Hilo,US,2021-03-23 00:01:13,19.7297,-155.09,78.8,65,90,14.97
41,Abalak,RU,2021-03-23 00:01:13,58.1286,68.5944,10.6,97,90,5.03
42,Vanimo,PG,2021-03-23 00:01:14,-2.6741,141.3028,82.24,79,78,1.23
43,Saint-Philippe,RE,2021-03-23 00:01:14,-21.3585,55.7679,78.8,78,40,5.75
44,Rudnaya Pristan,RU,2021-03-23 00:01:14,44.3614,135.8116,35.29,64,17,5.66
45,Palmer,US,2021-03-23 00:01:14,42.1584,-72.3287,55.4,26,20,4.61
46,Jamestown,US,2021-03-22 23:57:43,42.097,-79.2353,62.6,14,1,5.68
47,Bluff,NZ,2021-03-23 00:01:15,-46.6,168.3333,57.0,95,57,1.99
48,Esmeraldas,BR,2021-03-22 23:57:33,-19.7625,-44.3139,77.0,61,0,5.75
49,Dikson,RU,2021-03-23 00:01:15,73.5069,80.5464,-16.15,82,100,2.04
50,Neiafu,TO,2021-03-23 00:01:16,-18.65,-173.9833,86.0,70,75,6.91
51,Coquimbo,CL,2021-03-23 00:00:44,-29.9533,-71.3436,62.6,82,0,10.36
52,Manaus,BR,2021-03-22 23:58:13,-3.1019,-60.025,82.4,74,40,4.61
53,Azangaro,PE,2021-03-23 00:01:16,-14.9167,-70.2167,44.38,84,100,2.33
54,Airai,TL,2021-03-23 00:01:16,-8.9266,125.4092,69.39,71,100,0.65
55,Yellowknife,CA,2021-03-23 00:01:17,62.456,-114.3525,-0.99,46,20,8.05
56,Bethel,US,2021-03-23 00:01:01,41.3712,-73.414,55.4,35,1,6.91
57,Mahebourg,MU,2021-03-23 00:01:17,-20.4081,57.7,77.0,94,40,3.44
58,Bredasdorp,ZA,2021-03-23 00:01:17,-34.5322,20.0403,66.2,72,0,12.66
59,Ushuaia,AR,2021-03-22 23:56:30,-54.8,-68.3,51.8,62,20,20.71
60,Ribeira Grande,PT,2021-03-23 00:01:18,38.5167,-28.7,56.88,79,100,21.97
61,Gdov,RU,2021-03-23 00:01:18,58.7406,27.8122,17.37,94,6,2.73
62,Itarema,BR,2021-03-23 00:01:18,-2.9248,-39.9167,77.95,79,97,6.31
63,Chuy,UY,2021-03-23 00:01:18,-33.6971,-53.4616,67.82,69,96,6.6
64,Loubomo,CG,2021-03-23 00:01:19,-4.1997,12.6739,69.85,96,98,1.54
65,Mar Del Plata,AR,2021-03-22 23:59:56,-38.0023,-57.5575,66.0,88,72,6.91
66,Shuangcheng,CN,2021-03-23 00:01:19,45.35,126.2833,39.0,80,0,11.18
67,Chimbote,PE,2021-03-23 00:01:19,-9.0853,-78.5783,71.96,85,43,10.36
68,Yumen,CN,2021-03-23 00:01:20,40.2833,97.2,36.54,21,48,5.37
69,Cidreira,BR,2021-03-23 00:01:20,-30.1811,-50.2056,74.26,69,97,9.89
70,Mount Isa,AU,2021-03-23 00:00:54,-20.7333,139.5,86.0,51,88,9.22
71,Ponta Do Sol,PT,2021-03-23 00:01:20,32.6667,-17.1,60.8,63,40,10.36
72,Mzimba,MW,2021-03-23 00:01:21,-11.9,33.6,63.19,94,99,7.34
73,Sandovo,RU,2021-03-23 00:01:21,58.4602,36.4128,17.62,98,94,4.41
74,Saint Anthony,US,2021-03-23 00:01:21,45.0205,-93.218,57.2,23,1,5.93
75,Nikolskoye,RU,2021-03-23 00:01:22,59.7035,30.7861,23.0,68,0,6.71
76,Hobyo,SO,2021-03-23 00:01:22,5.3505,48.5268,78.31,66,32,13.09
77,Xinan,CN,2021-03-23 00:01:22,26.72,119.8556,50.49,75,98,3.74
78,Qena,EG,2021-03-23 00:01:22,26.1615,32.7183,80.6,19,0,6.13
79,Sabang,ID,2021-03-23 00:01:23,5.8933,95.3214,83.88,69,100,16.82
80,Pout,SN,2021-03-23 00:01:23,14.7739,-17.0603,66.2,88,33,12.66
81,Jutai,BR,2021-03-23 00:01:23,-5.1833,-68.9,73.69,95,97,2.55
82,Upernavik,GL,2021-03-23 00:01:24,72.7868,-56.1549,-8.86,96,100,8.63
83,Leningradskiy,RU,2021-03-23 00:01:24,69.3833,178.4167,-7.33,80,10,1.99
84,Tiksi,RU,2021-03-23 00:01:24,71.6872,128.8694,-17.88,97,100,6.46
85,Guia De Isora,ES,2021-03-23 00:01:24,28.2115,-16.7795,64.0,55,20,12.66
86,Zhangye,CN,2021-03-23 00:01:25,38.9342,100.4517,38.28,19,24,2.48
87,Gaoual,GN,2021-03-23 00:01:25,11.75,-13.2,79.65,52,87,4.83
88,Kampot,KH,2021-03-23 00:01:25,10.6167,104.1833,77.0,88,20,1.14
89,Tuktoyaktuk,CA,2021-03-23 00:01:26,69.4541,-133.0374,-7.6,77,1,13.8
90,Qaqortoq,GL,2021-03-23 00:01:26,60.7167,-46.0333,17.6,57,75,4.61
91,Saskylakh,RU,2021-03-23 00:01:26,71.9167,114.0833,-39.78,99,69,5.57
92,Plouzane,FR,2021-03-23 00:01:26,48.3833,-4.6167,42.8,87,16,5.75
93,Wyndham,US,2021-03-23 00:01:27,37.6985,-77.6125,62.6,42,1,4.61
94,Kiruna,SE,2021-03-23 00:01:27,67.8557,20.2251,33.8,75,75,9.22
95,Conde,BR,2021-03-23 00:01:27,-7.2597,-34.9075,78.8,89,20,4.61
96,Tessalit,ML,2021-03-23 00:01:28,20.1986,1.0114,68.07,11,1,8.86
97,Srednekolymsk,RU,2021-03-23 00:01:28,67.45,153.6833,2.91,79,99,12.84
98,Kapaa,US,2021-03-23 00:01:28,22.0752,-159.319,78.01,60,75,8.05
99,Bintulu,MY,2021-03-23 00:01:10,3.1667,113.0333,77.0,94,20,5.37
100,Hamilton,US,2021-03-23 00:01:28,39.1834,-84.5333,66.2,34,20,8.05
101,Liwale,TZ,2021-03-23 00:01:29,-9.7667,37.9333,68.38,99,93,1.79
102,Norman Wells,CA,2021-03-23 00:01:29,65.282,-126.8329,-0.4,65,75,8.05
103,Alofi,NU,2021-03-23 00:01:29,-19.0595,-169.9187,84.2,84,75,10.36
104,Hobart,AU,2021-03-23 00:00:07,-42.8794,147.3294,69.01,72,75,8.05
105,Georgetown,MY,2021-03-23 00:00:15,5.4112,100.3354,80.6,83,20,1.14
106,Vao,NC,2021-03-23 00:01:30,-22.6667,167.4833,76.05,64,100,14.61
107,Mizan Teferi,ET,2021-03-23 00:01:30,6.9833,35.5833,65.89,63,46,2.21
108,Yanam,IN,2021-03-23 00:01:30,16.7333,82.2167,70.3,84,0,1.63
109,Homer,US,2021-03-22 23:57:49,59.6425,-151.5483,35.01,55,1,5.75
110,Sistranda,NO,2021-03-23 00:01:31,63.7256,8.834,44.6,93,75,23.02
111,Kyabe,TD,2021-03-23 00:01:31,9.4515,18.9449,85.05,46,95,6.38
112,Ilulissat,GL,2021-03-23 00:01:31,69.2167,-51.1,1.4,71,75,9.22
113,Kaitangata,NZ,2021-03-23 00:01:31,-46.2817,169.8464,63.0,95,27,1.01
114,Sitka,US,2021-03-23 00:01:32,57.0531,-135.33,39.2,81,90,4.61
115,Tasiilaq,GL,2021-03-23 00:01:32,65.6145,-37.6368,21.2,68,90,5.75
116,Yerbogachen,RU,2021-03-23 00:01:32,61.2767,108.0108,-2.15,95,100,2.93
117,Pevek,RU,2021-03-23 00:01:33,69.7008,170.3133,-14.8,92,42,1.41
118,Bonthe,SL,2021-03-23 00:01:33,7.5264,-12.505,77.99,83,94,7.36
119,Kitami,JP,2021-03-23 00:01:33,43.8031,143.8908,37.4,65,20,5.75
120,Totness,SR,2021-03-23 00:01:33,5.8833,-56.3167,77.02,86,48,10.6
121,Jinchang,CN,2021-03-23 00:01:34,38.4953,102.1739,39.52,17,32,5.86
122,Shubarkuduk,KZ,2021-03-23 00:01:34,49.1447,56.4872,3.07,99,63,4.79
123,Skibbereen,IE,2021-03-23 00:01:34,51.55,-9.2667,46.4,87,75,10.36
124,Iqaluit,CA,2021-03-23 00:00:13,63.7506,-68.5145,-18.4,63,20,18.41
125,Tura,IN,2021-03-23 00:01:35,25.5198,90.2201,71.55,18,22,2.53
126,Carbonia,IT,2021-03-23 00:01:35,39.1672,8.5222,46.4,71,0,9.22
127,Byron Bay,AU,2021-03-22 23:57:22,-28.65,153.6167,71.6,94,75,14.97
128,Marshfield,US,2021-03-23 00:01:35,44.6689,-90.1718,60.8,29,90,5.61
129,Sambava,MG,2021-03-23 00:01:36,-14.2667,50.1667,76.71,88,86,5.5
130,Sarny,UA,2021-03-23 00:01:36,51.338,26.6019,28.02,81,43,6.53
131,Papetoai,PF,2021-03-23 00:01:36,-17.4961,-149.8729,87.8,66,40,6.91
132,Puerto Ayora,EC,2021-03-23 00:01:37,-0.7393,-90.3518,82.0,86,56,5.01
133,Butembo,CD,2021-03-23 00:01:37,0.15,29.2833,56.03,94,90,2.48
134,Daru,PG,2021-03-23 00:01:37,-9.0763,143.2092,82.45,81,100,3.58
135,Port Lincoln,AU,2021-03-23 00:01:37,-34.7333,135.8667,69.15,70,2,8.59
136,Naryan-Mar,RU,2021-03-23 00:01:38,67.6713,53.087,14.86,96,100,5.68
137,Saint George,US,2021-03-23 00:00:08,37.1041,-113.5841,61.0,20,1,16.11
138,Lagoa,PT,2021-03-23 00:01:38,39.05,-27.9833,55.56,82,100,24.05
139,Jardim,BR,2021-03-23 00:01:38,-21.4803,-56.1381,76.75,74,92,4.79
140,Lorengau,PG,2021-03-23 00:01:39,-2.0226,147.2712,83.14,76,97,4.07
141,Luderitz,NA,2021-03-23 00:01:39,-26.6481,15.1594,67.78,72,85,4.83
142,Suez,EG,2021-03-23 00:01:39,29.9737,32.5263,76.68,44,100,18.92
143,Orocue,CO,2021-03-23 00:01:39,4.7912,-71.3354,78.46,76,100,10.22
144,Nerchinskiy Zavod,RU,2021-03-23 00:01:40,51.3088,119.61,20.08,91,96,2.53
145,Dubbo,AU,2021-03-23 00:01:40,-32.25,148.6167,66.2,96,90,13.8
146,Gryazi,RU,2021-03-23 00:01:40,52.4966,39.9359,28.04,98,100,2.37
147,Canoa,DO,2021-03-23 00:01:41,18.355,-71.1585,77.0,88,75,5.75
148,Puerto Del Rosario,ES,2021-03-23 00:00:17,28.5004,-13.8627,62.6,67,75,8.05
149,Beringovskiy,RU,2021-03-23 00:01:41,63.05,179.3167,8.82,72,45,7.81
150,Kaduna,NG,2021-03-23 00:01:41,10.5222,7.4383,79.34,52,78,7.72
151,Kenai,US,2021-03-23 00:01:42,60.5544,-151.2583,26.6,46,1,13.8
152,Prainha,BR,2021-03-23 00:01:42,-1.8,-53.48,74.28,94,70,3.4
153,Victoria,HK,2021-03-23 00:01:42,22.2855,114.1577,64.99,65,99,14.74
154,Mount Gambier,AU,2021-03-23 00:01:42,-37.8333,140.7667,68.0,77,40,4.61
155,Meridian,US,2021-03-23 00:00:29,43.6121,-116.3915,44.6,100,20,8.05
156,Port Elizabeth,ZA,2021-03-22 23:56:54,-33.918,25.5701,59.0,94,40,4.07
157,Kavieng,PG,2021-03-23 00:01:43,-2.5744,150.7967,82.49,79,100,9.98
158,Hofn,IS,2021-03-23 00:01:43,64.2539,-15.2082,38.71,63,60,26.22
159,Hauterive,FR,2021-03-23 00:01:44,46.0901,3.4459,41.0,65,90,4.61
160,Chapais,CA,2021-03-23 00:01:44,49.7834,-74.8492,50.0,32,90,21.85
161,Pangnirtung,CA,2021-03-23 00:01:44,66.1451,-65.7125,-26.34,100,100,4.18
162,Carnarvon,AU,2021-03-23 00:01:44,-24.8667,113.6333,73.4,78,40,18.41
163,Polunochnoye,RU,2021-03-23 00:01:45,60.8697,60.4153,20.91,93,100,5.82
164,Haines Junction,CA,2021-03-23 00:01:45,60.7522,-137.5108,21.2,30,41,8.05
165,Marovoay,MG,2021-03-23 00:01:45,-16.1,46.6333,75.2,100,40,4.61
166,Torbay,CA,2021-03-23 00:01:45,47.6666,-52.7314,41.0,56,40,25.32
167,Coihaique,CL,2021-03-23 00:01:46,-45.5752,-72.0662,60.8,63,75,5.75
168,Yokadouma,CM,2021-03-23 00:01:46,3.5167,15.05,70.61,81,72,2.57
169,Yurimaguas,PE,2021-03-23 00:01:46,-5.9,-76.0833,82.4,78,20,3.44
170,Narsaq,GL,2021-03-23 00:01:01,60.9167,-46.05,17.6,57,75,4.61
171,Mayumba,GA,2021-03-23 00:01:47,-3.432,10.6554,75.88,86,99,3.51
172,Cobh,IE,2021-03-23 00:01:47,51.8572,-8.2992,48.0,87,75,10.36
173,Tabuk,PH,2021-03-23 00:01:47,17.4189,121.4443,70.27,95,100,5.88
174,Takoradi,GH,2021-03-23 00:01:47,4.8845,-1.7554,78.87,85,100,10.18
175,Kungurtug,RU,2021-03-23 00:01:48,50.5994,97.5228,13.68,88,78,1.99
176,Biograd Na Moru,HR,2021-03-23 00:01:48,43.9433,15.4519,42.01,48,40,5.75
177,Balrampur,IN,2021-03-23 00:01:48,27.4333,82.1833,70.74,26,8,8.23
178,Guasdualito,VE,2021-03-23 00:01:49,7.2424,-70.7324,83.68,50,80,3.06
179,Pokhara,NP,2021-03-23 00:01:49,28.2333,83.9833,65.5,18,0,8.14
180,Port-Gentil,GA,2021-03-23 00:01:49,-0.7193,8.7815,77.0,94,20,3.44
181,Frome,GB,2021-03-23 00:01:16,51.2283,-2.3221,41.0,91,99,5.06
182,Arraial Do Cabo,BR,2021-03-23 00:00:07,-22.9661,-42.0278,76.66,87,8,6.15
183,Sovetskiy,RU,2021-03-23 00:01:50,61.3614,63.5842,18.72,95,100,7.56
184,Saint-Georges,GD,2021-03-23 00:01:50,12.0564,-61.7485,78.8,83,20,19.57
185,Vestmannaeyjar,IS,2021-03-23 00:01:50,63.4427,-20.2734,38.84,54,100,32.19
186,Kochubey,RU,2021-03-23 00:01:50,44.3861,46.5825,41.49,81,77,23.87
187,Nanortalik,GL,2021-03-23 00:01:51,60.1432,-45.2371,22.66,72,62,8.03
188,Podor,MR,2021-03-23 00:01:51,16.6527,-14.9587,80.6,39,0,4.61
189,Salalah,OM,2021-03-23 00:01:51,17.0151,54.0924,77.0,57,0,2.3
190,Klaksvik,FO,2021-03-23 00:01:52,62.2266,-6.589,42.8,87,75,11.5
191,Aliwal North,ZA,2021-03-23 00:01:52,-30.6937,26.7114,56.25,47,0,3.85
192,Dudinka,RU,2021-03-23 00:01:52,69.4058,86.1778,6.15,96,100,7.0
193,Yinchuan,CN,2021-03-23 00:01:52,38.4681,106.2731,43.95,37,0,4.12
194,Novominskaya,RU,2021-03-23 00:01:53,46.3163,38.9586,40.32,91,100,11.14
195,Honningsvag,NO,2021-03-23 00:01:53,70.9821,25.9704,30.2,93,90,24.16
196,Half Moon Bay,US,2021-03-22 23:59:59,37.4636,-122.4286,60.8,76,90,12.66
197,Mehamn,NO,2021-03-23 00:01:53,71.0357,27.8492,30.2,93,90,24.16
198,Botwood,CA,2021-03-23 00:01:54,49.1499,-55.3482,42.8,52,75,14.97
199,Ambilobe,MG,2021-03-23 00:01:54,-13.2,49.05,73.13,96,81,3.11
200,Aljezur,PT,2021-03-23 00:01:16,37.3191,-8.8033,51.3,79,0,4.07
201,Maraa,BR,2021-03-23 00:01:54,-1.8333,-65.3667,74.34,95,65,1.39
202,Pathein,MM,2021-03-23 00:01:55,16.7833,94.7333,74.7,88,39,1.07
203,Juneau,US,2021-03-23 00:00:19,58.3019,-134.4197,33.8,80,90,1.99
204,Severo-Kurilsk,RU,2021-03-23 00:01:55,50.6789,156.125,31.3,77,58,23.78
205,Bibiani,GH,2021-03-23 00:01:55,6.4635,-2.3194,71.71,97,100,3.33
206,Hithadhoo,MV,2021-03-23 00:01:55,-0.6,73.0833,83.1,71,11,10.18
207,Hasaki,JP,2021-03-23 00:01:56,35.7333,140.8333,48.2,57,20,2.3
208,Beyla,GN,2021-03-23 00:01:56,8.6833,-8.6333,73.51,71,100,2.26
209,Goundam,ML,2021-03-23 00:01:56,16.4145,-3.6708,79.38,17,13,13.49
210,Ust-Nera,RU,2021-03-23 00:01:57,64.5667,143.2,3.04,95,100,8.59
211,Iwaki,JP,2021-03-23 00:01:57,37.05,140.8833,50.0,48,5,3.0
212,Grindavik,IS,2021-03-23 00:01:57,63.8424,-22.4338,37.4,60,40,31.07
213,Burnie,AU,2021-03-22 23:59:46,-41.0667,145.9167,55.99,96,100,13.0
214,Den Helder,NL,2021-03-23 00:01:57,52.9599,4.7593,39.99,93,90,4.61
215,Saldanha,ZA,2021-03-23 00:01:58,-33.0117,17.9442,69.8,52,0,4.61
216,Tawang,IN,2021-03-23 00:01:58,27.5833,91.8667,38.52,74,43,4.47
217,Hualmay,PE,2021-03-23 00:01:58,-11.0964,-77.6139,71.8,81,76,9.44
218,Carutapera,BR,2021-03-23 00:01:59,-1.195,-46.02,73.11,94,100,2.24
219,Isangel,VU,2021-03-23 00:01:59,-19.55,169.2667,80.6,83,75,5.75
220,Devarkonda,IN,2021-03-23 00:01:59,16.7,78.9333,76.08,45,90,6.29
221,Panzhihua,CN,2021-03-23 00:01:59,26.5851,101.7128,52.23,80,5,2.42
222,Husavik,IS,2021-03-23 00:02:00,66.0449,-17.3389,37.4,44,40,10.36
223,Wad Madani,SD,2021-03-23 00:02:00,14.4012,33.5199,88.57,13,9,5.3
224,Ostrovnoy,RU,2021-03-23 00:02:00,68.0531,39.5131,11.61,94,84,9.57
225,Clemson,US,2021-03-22 23:59:27,34.6834,-82.8374,68.0,36,1,9.22
226,San Pedro,PH,2021-03-23 00:02:01,14.35,121.0167,82.99,61,75,4.61
227,Bulgan,MN,2021-03-23 00:02:01,48.8125,103.5347,28.4,60,62,3.47
228,Awbari,LY,2021-03-23 00:02:01,26.5921,12.7805,51.26,62,0,10.83
229,Maldonado,UY,2021-03-23 00:02:02,-34.6667,-54.9167,68.0,77,90,9.22
230,Kloulklubed,PW,2021-03-23 00:02:02,7.0419,134.2556,77.0,94,90,9.22
231,Makakilo City,US,2021-03-23 00:02:02,21.3469,-158.0858,80.6,54,90,12.66
232,Matara,LK,2021-03-23 00:02:02,5.9485,80.5353,75.36,90,98,6.53
233,Chokurdakh,RU,2021-03-23 00:02:03,70.6333,147.9167,-14.35,96,49,5.64
234,Aykhal,RU,2021-03-23 00:02:03,66.0,111.5,-24.16,95,12,6.22
235,Markova,UA,2021-03-23 00:02:03,48.6758,24.4138,23.49,91,99,4.61
236,Wanning,CN,2021-03-23 00:02:04,18.8003,110.3967,67.91,81,100,7.7
237,Souillac,MU,2021-03-23 00:02:04,-20.5167,57.5167,77.0,94,40,3.44
238,Kalaleh,IR,2021-03-23 00:02:04,37.3807,55.4916,49.66,68,76,0.81
239,Limon,CR,2021-03-23 00:02:04,10.0,-83.0333,77.0,83,0,3.44
240,Clyde River,CA,2021-03-23 00:02:05,70.4692,-68.5914,-22.0,63,20,13.8
241,San Joaquin,US,2021-03-23 00:02:05,37.9333,-121.3011,66.0,45,1,12.66
242,Xuddur,SO,2021-03-23 00:02:05,4.1213,43.8894,72.79,70,6,15.9
243,Dukat,RU,2021-03-23 00:02:06,62.55,155.55,9.1,93,100,9.89
244,Bathsheba,BB,2021-03-23 00:02:06,13.2167,-59.5167,78.8,57,40,18.41
245,Deputatskiy,RU,2021-03-23 00:02:06,69.3,139.9,-11.58,96,93,3.18
246,Placido De Castro,BR,2021-03-23 00:02:06,-10.3353,-67.1856,69.64,99,100,1.12
247,Consuelo,PH,2021-03-23 00:02:07,10.6348,124.301,84.2,65,40,11.5
248,Isla Mujeres,MX,2021-03-23 00:02:07,21.2311,-86.731,78.8,61,40,14.97
249,Lavrentiya,RU,2021-03-23 00:02:07,65.5833,-171.0,2.91,72,14,2.06
250,Lompoc,US,2021-03-23 00:01:23,34.6391,-120.4579,59.0,63,20,16.11
251,Misratah,LY,2021-03-23 00:02:08,32.3754,15.0925,54.07,57,22,15.08
252,San Patricio,US,2021-03-23 00:02:08,28.017,-97.5169,75.2,73,75,27.63
253,Kununurra,AU,2021-03-23 00:00:05,-15.7667,128.7333,82.4,83,40,4.61
254,Kodiak,US,2021-03-23 00:02:08,57.79,-152.4072,35.6,75,90,3.44
255,Dwarka,IN,2021-03-23 00:02:09,22.2394,68.9678,76.64,86,1,8.7
256,Margate,GB,2021-03-23 00:02:09,51.3813,1.3862,42.01,83,50,11.3
257,Tuatapere,NZ,2021-03-23 00:02:09,-46.1333,167.6833,57.0,95,82,1.99
258,Puerto Madero,MX,2021-03-23 00:02:10,14.7208,-92.4215,86.0,66,40,9.22
259,Kharabali,RU,2021-03-23 00:02:10,47.4196,47.2568,36.0,77,83,3.0
260,Tucurui,BR,2021-03-23 00:02:10,-3.7661,-49.6725,72.12,97,99,2.59
261,Oskemen,KZ,2021-03-23 00:02:10,49.9565,82.6119,26.6,93,20,4.47
262,Krasnokamensk,RU,2021-03-23 00:02:11,50.0979,118.0369,31.73,68,37,8.37
263,Guerrero Negro,MX,2021-03-23 00:02:11,27.9769,-114.0611,63.48,54,99,18.16
264,Kavaratti,IN,2021-03-23 00:02:11,10.5669,72.642,82.45,70,99,7.99
265,Tiarei,PF,2021-03-23 00:02:11,-17.5333,-149.3333,87.8,66,40,6.91
266,Puerto Escondido,MX,2021-03-23 00:01:58,15.85,-97.0667,84.2,74,1,13.8
267,Port Hawkesbury,CA,2021-03-23 00:02:12,45.6169,-61.3485,50.0,29,1,9.22
268,Las Margaritas,MX,2021-03-23 00:02:12,16.3167,-91.9833,68.05,60,32,6.46
269,Nuevo Progreso,MX,2021-03-23 00:02:12,23.1667,-97.95,75.0,61,12,5.01
270,Alexandria,EG,2021-03-23 00:02:08,31.2156,29.9553,69.8,49,0,8.05
271,Creel,MX,2021-03-23 00:02:13,27.75,-107.6333,51.93,8,91,18.01
272,Kutum,SD,2021-03-23 00:02:13,14.2,24.6667,76.95,19,7,3.36
273,Vila Franca Do Campo,PT,2021-03-23 00:02:13,37.7167,-25.4333,59.0,82,75,4.61
274,Anito,PH,2021-03-23 00:02:14,12.4497,125.2886,78.55,88,94,15.12
275,Laminusa,PH,2021-03-23 00:02:14,5.5549,120.9136,82.9,70,88,2.08
276,Katsuura,JP,2021-03-23 00:02:14,35.1333,140.3,52.0,50,20,8.05
277,Salisbury,GB,2021-03-23 00:00:24,51.0693,-1.7957,39.2,93,100,3.44
278,Kibakwe,TZ,2021-03-23 00:02:15,-6.7167,36.3667,63.37,94,94,3.11
279,Roswell,US,2021-03-22 23:58:33,34.0232,-84.3616,66.0,48,77,7.87
280,Port Blair,IN,2021-03-23 00:02:15,11.6667,92.75,80.73,72,99,3.98
281,Srandakan,ID,2021-03-23 00:02:15,-7.9386,110.2506,78.57,81,71,5.37
282,Nara,JP,2021-03-23 00:02:02,34.6851,135.8049,45.0,76,20,4.61
283,Weligama,LK,2021-03-23 00:02:16,5.9667,80.4167,75.29,89,98,6.17
284,Cayenne,GF,2021-03-23 00:02:17,4.9333,-52.3333,78.01,94,90,4.61
285,Porto Seguro,BR,2021-03-23 00:02:17,-16.4497,-39.0647,80.6,74,20,6.91
286,Sao Filipe,CV,2021-03-23 00:02:17,14.8961,-24.4956,70.36,73,1,8.75
287,High Level,CA,2021-03-23 00:02:17,58.5169,-117.136,12.2,48,75,8.05
288,Inhambane,MZ,2021-03-23 00:02:18,-23.865,35.3833,75.25,74,96,11.61
289,Lazaro Cardenas,MX,2021-03-23 00:02:18,17.9583,-102.2,79.7,49,0,9.91
290,Arona,ES,2021-03-23 00:02:18,28.0996,-16.681,64.0,55,20,12.66
291,Allanton,GB,2021-03-23 00:02:19,55.7833,-2.2167,45.0,80,87,1.99
292,Tautira,PF,2021-03-23 00:02:07,-17.7333,-149.15,87.8,66,40,6.91
293,Carmelo,UY,2021-03-23 00:02:19,-33.9892,-58.2856,69.8,68,0,4.61
294,Cabedelo,BR,2021-03-22 23:58:10,-6.9811,-34.8339,78.8,89,20,4.61
295,Puro,PH,2021-03-23 00:02:19,12.4841,123.3827,80.53,78,78,14.34
296,Bengkulu,ID,2021-03-23 00:02:20,-3.8004,102.2655,75.54,90,100,4.21
297,Bayji,IQ,2021-03-23 00:02:20,34.9311,43.487,66.6,61,93,7.92
298,Geraldton,AU,2021-03-23 00:02:20,-28.7667,114.6,66.2,63,6,17.27
299,Tadine,NC,2021-03-23 00:02:20,-21.55,167.8833,79.41,59,100,13.02
300,Manakara,MG,2021-03-23 00:02:21,-22.1333,48.0167,75.25,93,89,3.11
301,Hostotipaquillo,MX,2021-03-23 00:02:21,21.0667,-104.0667,79.0,19,0,10.0
302,Matamoros,MX,2021-03-23 00:00:36,25.5333,-103.25,93.2,8,40,20.71
303,Vardo,NO,2021-03-23 00:02:21,70.3705,31.1107,28.92,82,99,26.55
304,Korla,CN,2021-03-23 00:02:22,41.7597,86.1469,45.43,42,100,2.44
305,Plettenberg Bay,ZA,2021-03-23 00:02:22,-34.0527,23.3716,61.39,84,2,6.38
306,Muravlenko,RU,2021-03-23 00:02:22,63.7898,74.523,5.11,98,98,10.0
307,Witu,KE,2021-03-23 00:02:23,-2.3889,40.4382,80.6,83,20,8.05
308,Jinji,CN,2021-03-23 00:02:23,23.2281,110.8261,58.62,66,100,2.37
309,Longyearbyen,SJ,2021-03-23 00:02:23,78.2186,15.6401,15.8,73,75,23.02
310,Broken Hill,AU,2021-03-23 00:02:24,-31.95,141.4333,68.0,77,81,12.66
311,Ambulu,ID,2021-03-23 00:02:24,-8.345,113.6058,79.45,86,100,2.68
312,Gizo,SB,2021-03-23 00:02:24,-8.103,156.8419,84.11,72,88,5.73
313,Kyaukse,MM,2021-03-23 00:02:24,21.6,96.1333,75.2,53,20,2.3
314,Dublin,US,2021-03-22 23:58:56,37.7021,-121.9358,64.0,39,1,8.05
315,Codrington,AU,2021-03-23 00:02:25,-38.2667,141.9667,64.69,87,100,4.52
316,Havelock,US,2021-03-23 00:02:25,34.8791,-76.9013,59.0,88,90,18.41
317,Mountain Home,US,2021-03-23 00:02:25,43.133,-115.6912,48.2,61,75,28.77
318,Jesus Carranza,MX,2021-03-23 00:02:26,17.4333,-95.0333,85.03,43,0,13.56
319,Egvekinot,RU,2021-03-23 00:02:26,66.3167,-179.1667,-10.21,97,80,2.77
320,Mtwara,TZ,2021-03-23 00:02:26,-10.2667,40.1833,76.28,91,33,5.53
321,Bouza,NE,2021-03-23 00:02:26,14.4229,6.0428,85.17,12,59,12.08
322,Avarua,CK,2021-03-23 00:02:27,-21.2078,-159.775,84.2,79,38,5.75
323,Doha,QA,2021-03-23 00:00:28,25.2867,51.5333,73.4,33,0,3.44
324,Bow Island,CA,2021-03-23 00:00:02,49.8668,-111.3684,50.0,34,62,17.27
325,Talnakh,RU,2021-03-23 00:02:27,69.4865,88.3972,4.3,95,100,9.62
326,Kukmor,RU,2021-03-23 00:02:28,56.1855,50.8944,26.98,95,100,9.69
327,Aksarka,RU,2021-03-23 00:02:28,66.5606,67.7975,-2.38,99,100,2.46
328,Galle,LK,2021-03-23 00:02:28,6.0367,80.217,76.14,85,94,6.67
329,Saint-Joseph,RE,2021-03-23 00:02:28,-21.3667,55.6167,78.8,78,40,5.75
330,Coracora,PE,2021-03-23 00:02:29,-15.0333,-73.7833,49.42,93,100,4.23
331,Calvia,ES,2021-03-23 00:02:29,39.5657,2.5062,46.0,87,0,3.44
332,Igarka,RU,2021-03-23 00:02:29,67.4667,86.5833,3.06,96,100,7.14
333,Mabaruma,GY,2021-03-23 00:02:30,8.2,-59.7833,74.14,90,43,4.18
334,Bubaque,GW,2021-03-23 00:02:30,11.2833,-15.8333,76.69,64,78,16.49
335,Namibe,AO,2021-03-23 00:02:30,-15.1961,12.1522,72.05,76,80,5.99
336,Pisco,PE,2021-03-22 23:58:32,-13.7,-76.2167,69.8,78,0,26.46
337,Cherskiy,RU,2021-03-23 00:02:30,68.75,161.3,4.5,62,50,5.7
338,Prado,BR,2021-03-23 00:02:31,-17.3411,-39.2208,76.32,84,0,5.84
339,Okato,NZ,2021-03-23 00:02:31,-39.2,173.8833,69.01,60,8,5.01
340,Shimoda,JP,2021-03-23 00:02:31,34.6667,138.95,50.0,53,75,13.8
341,Kalmunai,LK,2021-03-23 00:02:32,7.4167,81.8167,77.85,83,80,3.74
342,Padang,ID,2021-03-23 00:02:32,-0.9492,100.3543,73.4,94,20,3.44
343,Saint-Pierre,RE,2021-03-23 00:02:32,-21.3393,55.4781,78.8,78,40,5.75
344,Ulladulla,AU,2021-03-23 00:02:15,-35.35,150.4667,66.2,100,75,8.05
345,Saurimo,AO,2021-03-23 00:02:33,-9.6608,20.3916,64.9,95,90,1.86
346,Leshukonskoye,RU,2021-03-23 00:02:33,64.8989,45.7622,19.0,94,100,6.78
347,Maykop,RU,2021-03-23 00:02:33,44.6078,40.1058,42.06,92,100,1.01
348,Sioux Lookout,CA,2021-03-23 00:02:11,50.1001,-91.917,41.0,30,20,2.3
349,Impfondo,CG,2021-03-23 00:02:33,1.6381,18.0667,69.48,94,73,2.53
350,Komsomolskiy,UZ,2021-03-23 00:02:34,40.4272,71.7189,50.0,66,100,1.88
351,Alenquer,BR,2021-03-23 00:02:28,-1.9417,-54.7383,80.6,89,20,4.61
352,Meulaboh,ID,2021-03-23 00:02:34,4.1363,96.1285,75.67,86,100,3.71
353,Eagle,US,2021-03-22 23:58:52,43.6954,-116.354,44.6,87,75,6.91
354,Aksu,CN,2021-03-23 00:02:34,41.1231,80.2644,47.57,38,100,4.97
355,Shu,KZ,2021-03-23 00:02:35,43.5983,73.7614,45.93,68,91,5.59
356,Dongsheng,CN,2021-03-23 00:00:46,39.8161,109.9776,36.01,38,0,7.7
357,Cabo San Lucas,MX,2021-03-22 23:57:44,22.8909,-109.9124,78.8,46,40,7.58
358,Pak Chong,TH,2021-03-23 00:02:35,14.708,101.4161,79.0,59,20,10.04
359,Paamiut,GL,2021-03-23 00:02:35,61.994,-49.6678,17.22,72,100,6.17
360,Cockburn Town,TC,2021-03-23 00:02:36,21.4612,-71.1419,77.0,73,40,5.75
361,Itoman,JP,2021-03-23 00:02:36,26.1247,127.6694,62.6,51,75,9.22
362,Vostok,RU,2021-03-23 00:02:36,46.4856,135.8833,27.95,83,58,7.43
363,Fortuna,US,2021-03-23 00:02:37,40.5982,-124.1573,53.01,93,75,14.97
364,Grafton,US,2021-03-23 00:02:37,42.207,-71.6856,51.8,37,1,6.91
365,Walvis Bay,NA,2021-03-23 00:02:37,-22.9575,14.5053,62.01,88,2,3.44
366,Mirnyy,RU,2021-03-23 00:02:37,62.5353,113.9611,-20.34,99,92,0.54
367,Camopi,GF,2021-03-23 00:02:38,3.1655,-52.3158,72.75,99,100,2.21
368,Bafata,GW,2021-03-23 00:02:38,12.1667,-14.75,77.99,47,76,5.79
369,Alto Araguaia,BR,2021-03-23 00:02:38,-17.3147,-53.2153,69.46,84,79,4.97
370,Talara,PE,2021-03-23 00:02:39,-4.5772,-81.2719,78.8,73,0,13.8
371,Hirara,JP,2021-03-23 00:02:39,24.8,125.2833,64.4,63,75,11.5
372,Lazarev,RU,2021-03-23 00:02:39,52.225,141.5131,20.59,81,6,8.01
373,Amazar,RU,2021-03-23 00:02:39,53.858,120.875,15.53,79,81,2.42
374,Sao Joao Da Barra,BR,2021-03-23 00:02:40,-21.6403,-41.0511,76.93,88,13,9.55
375,Broome,US,2021-03-23 00:02:40,42.2506,-75.833,55.4,18,1,3.44
376,Ligayan,PH,2021-03-23 00:02:40,4.6533,119.4706,82.13,79,100,10.47
377,Ishigaki,JP,2021-03-23 00:02:41,24.3448,124.1572,64.4,59,75,14.97
378,Jalu,LY,2021-03-23 00:02:41,29.0331,21.5482,60.22,62,32,21.47
379,Tual,ID,2021-03-23 00:02:41,-5.6667,132.75,83.84,71,95,3.96
380,Yelizovo,RU,2021-03-23 00:02:41,53.1873,158.3805,33.8,64,75,8.95
381,Kuusamo,FI,2021-03-23 00:02:42,65.9667,29.1833,1.4,85,0,2.3
382,New Richmond,US,2021-03-23 00:02:42,45.123,-92.5366,53.6,32,1,4.61
383,Muisne,EC,2021-03-23 00:02:42,0.6,-80.0333,76.59,83,100,2.13
384,Praia Da Vitoria,PT,2021-03-23 00:02:43,38.7333,-27.0667,59.0,94,75,9.17
385,Bonavista,CA,2021-03-23 00:01:38,48.6499,-53.1147,42.8,52,43,12.66
386,Ahipara,NZ,2021-03-23 00:02:43,-35.1667,173.1667,69.98,53,45,3.22
387,Kirgiz-Miyaki,RU,2021-03-23 00:02:43,53.6324,54.7979,23.22,94,96,11.16
388,Teseney,ER,2021-03-23 00:02:43,15.11,36.6575,85.6,10,3,13.13
389,Kurmanayevka,RU,2021-03-23 00:02:44,52.5093,52.0675,26.78,91,100,12.64
390,Panalingaan,PH,2021-03-23 00:02:44,8.7842,117.4231,81.19,78,98,3.0
391,Masterton,NZ,2021-03-23 00:02:44,-40.9597,175.6575,66.0,69,73,5.99
392,San Carlos De Bariloche,AR,2021-03-23 00:02:45,-41.1456,-71.3082,64.4,39,0,16.11
393,Seoul,KR,2021-03-23 00:00:34,37.5683,126.9778,41.0,81,1,6.91
394,Kokstad,ZA,2021-03-23 00:02:45,-30.5472,29.4241,48.6,95,3,2.82
395,Hami,CN,2021-03-23 00:00:16,42.8,93.45,43.86,28,94,8.19
396,Boa Vista,BR,2021-03-23 00:02:45,2.8197,-60.6733,86.0,58,40,5.75
397,Lakes Entrance,AU,2021-03-23 00:02:46,-37.8811,147.981,64.0,97,100,4.0
398,Ust-Maya,RU,2021-03-23 00:02:46,60.4167,134.5333,-14.28,83,80,8.59
399,Nigran,ES,2021-03-23 00:02:46,42.1415,-8.8066,51.01,71,0,2.3
400,Polovinnoye,RU,2021-03-23 00:02:46,54.7914,65.9864,-1.35,100,93,4.59
401,Nicoya,CR,2021-03-23 00:02:47,10.1483,-85.452,84.2,54,40,5.75
402,Pacific Grove,US,2021-03-23 00:02:47,36.6177,-121.9166,55.0,81,63,5.99
403,Berlevag,NO,2021-03-23 00:02:47,70.8578,29.0864,30.2,93,90,24.16
404,Hokitika,NZ,2021-03-23 00:02:48,-42.7167,170.9667,61.12,78,77,4.23
405,Giyon,ET,2021-03-23 00:02:48,8.5333,37.9833,58.71,19,9,12.71
406,Puerto Madryn,AR,2021-03-23 00:02:48,-42.7692,-65.0385,75.79,22,19,6.29
407,Boyabat,TR,2021-03-23 00:02:48,41.4689,34.7667,49.64,85,28,0.94
408,Maridi,SS,2021-03-23 00:02:49,4.9158,29.4742,70.77,76,100,4.29
409,Brive-La-Gaillarde,FR,2021-03-23 00:02:49,45.25,1.5,36.0,33,2,3.18
410,Staroaleyskoye,RU,2021-03-23 00:02:49,51.0061,82.0,31.48,98,100,4.5
411,Domvraina,GR,2021-03-23 00:02:50,38.25,22.9833,50.0,59,94,9.4
412,La Ronge,CA,2021-03-23 00:02:50,55.1001,-105.2842,19.4,68,75,11.5
413,Anadyr,RU,2021-03-23 00:02:50,64.75,177.4833,-4.0,65,0,4.47
414,Tromso,NO,2021-03-23 00:02:50,69.6496,18.957,39.2,81,75,19.57
415,Bloemhof,ZA,2021-03-23 00:02:51,-27.6469,25.607,64.92,37,23,7.05
416,Khorramshahr,IR,2021-03-23 00:02:51,30.4397,48.1664,66.2,52,0,3.49
417,Grezzana,IT,2021-03-23 00:02:51,45.5203,11.0177,39.0,60,0,5.75
418,Nipawin,CA,2021-03-23 00:02:52,53.3668,-104.0009,32.0,80,75,5.75
419,Santa Fe,AR,2021-03-23 00:02:52,-31.6333,-60.7,68.0,91,99,1.01
420,Mildura,AU,2021-03-23 00:02:52,-34.2,142.15,71.6,68,40,9.22
421,Trelew,AR,2021-03-23 00:02:53,-43.249,-65.3051,71.65,30,31,12.17
422,Nuevitas,CU,2021-03-23 00:02:53,21.5453,-77.2644,73.4,78,40,6.91
423,Los Alamos,US,2021-03-23 00:02:53,35.8881,-106.307,48.99,36,90,4.61
424,Alihe,CN,2021-03-23 00:02:53,50.5667,123.7167,31.8,67,35,7.47
425,Darnah,LY,2021-03-23 00:02:54,32.767,22.6367,58.03,77,44,23.42
426,Shache,CN,2021-03-23 00:02:54,38.4167,77.2406,44.51,39,73,5.32
427,Gravelbourg,CA,2021-03-23 00:02:54,49.8834,-106.5512,48.2,29,92,12.66
428,Kahului,US,2021-03-23 00:02:55,20.8947,-156.47,80.6,57,40,21.85
429,Hambantota,LK,2021-03-23 00:02:55,6.1241,81.1185,77.52,85,97,9.35
430,Lucea,JM,2021-03-23 00:02:55,18.451,-78.1736,75.99,83,40,12.66
431,Tabira,BR,2021-03-23 00:02:55,-7.5908,-37.5394,74.1,68,82,3.98
432,Malpe,IN,2021-03-23 00:02:56,13.35,74.7167,80.6,83,20,3.27
433,Soe,ID,2021-03-23 00:01:16,-9.8607,124.284,73.6,78,99,0.83
434,Rio Muerto,MX,2021-03-23 00:02:56,27.4167,-110.2333,71.6,28,90,11.5
435,Petropavl,KZ,2021-03-23 00:02:56,54.8753,69.1628,6.24,99,94,3.53
436,Jacareacanga,BR,2021-03-23 00:02:57,-6.2222,-57.7528,73.31,97,78,1.88
437,Veinticinco De Mayo,AR,2021-03-23 00:02:57,-35.4323,-60.1727,59.0,91,85,3.49
438,Urumqi,CN,2021-03-23 00:01:00,43.801,87.6005,35.6,80,67,6.71
439,Yatou,CN,2021-03-23 00:02:57,37.15,122.3833,49.23,47,0,13.31
440,Kiama,AU,2021-03-23 00:02:58,-34.6833,150.8667,66.99,94,100,11.99
441,Balkhash,KZ,2021-03-23 00:02:58,46.844,74.9804,34.65,90,69,10.92
442,Kruisfontein,ZA,2021-03-23 00:02:58,-34.0033,24.7314,61.0,86,0,1.01
443,Kirakira,SB,2021-03-23 00:02:58,-10.4544,161.9205,83.98,73,94,5.44
444,Pleszew,PL,2021-03-22 23:59:11,51.8964,17.7855,36.0,76,99,6.78
445,Poum,NC,2021-03-23 00:02:59,-20.2333,164.0167,80.62,68,99,14.43
446,Harbour Breton,CA,2021-03-23 00:02:59,47.4833,-55.7983,33.33,91,78,14.2
447,Havre,FR,2021-03-23 00:02:59,49.5833,0.3333,41.0,87,0,2.3
448,Yulara,AU,2021-03-23 00:03:00,-25.2406,130.9889,69.8,83,90,6.91
449,Dunedin,NZ,2021-03-22 23:59:17,-45.8742,170.5036,57.0,85,8,8.01
450,Nishihara,JP,2021-03-23 00:03:00,26.1842,127.7558,62.6,62,75,8.05
451,Hay River,CA,2021-03-23 00:03:00,60.8156,-115.7999,-9.4,64,100,10.36
452,Lukulu,ZM,2021-03-23 00:03:01,-14.3707,23.242,67.23,88,56,3.78
453,Wilmington,US,2021-03-23 00:03:01,34.2257,-77.9447,64.0,63,75,11.5
454,Sena Madureira,BR,2021-03-23 00:03:01,-9.0656,-68.6569,71.17,99,100,2.8
455,Bose,IT,2021-03-23 00:03:02,45.4612,8.0137,45.0,62,7,3.83
456,Ketchikan,US,2021-03-23 00:03:02,55.3422,-131.6461,42.8,81,75,9.22
457,Bull Savanna,JM,2021-03-23 00:03:02,17.8868,-77.5902,74.08,73,25,0.87
458,Gabu,GW,2021-03-23 00:03:03,12.2833,-14.2167,76.15,52,72,7.02
459,Eydhafushi,MV,2021-03-23 00:03:03,5.1033,73.0708,83.03,70,5,4.88
460,Leiyang,CN,2021-03-23 00:03:03,26.4024,112.8591,54.1,78,100,1.66
461,Brae,GB,2021-03-23 00:03:03,60.3964,-1.353,46.4,87,75,21.85
462,Mandera,KE,2021-03-23 00:03:04,3.9366,41.867,81.3,55,21,16.67
463,Semporna,MY,2021-03-23 00:03:04,4.4818,118.6112,75.2,100,40,1.14
464,Wuwei,CN,2021-03-23 00:03:04,37.9281,102.6414,41.41,15,28,3.18
465,Bambous Virieux,MU,2021-03-23 00:03:05,-20.3428,57.7575,77.0,94,40,3.44
466,High Prairie,CA,2021-03-23 00:03:05,55.4334,-116.4858,21.2,73,100,8.05
467,Oussouye,SN,2021-03-23 00:03:05,12.485,-16.5469,75.2,83,0,6.91
468,Mogadishu,SO,2021-03-23 00:03:05,2.0371,45.3438,79.61,78,17,18.75
469,Erdenet,MN,2021-03-23 00:03:06,49.0333,104.0833,23.67,71,66,3.09
470,Kuzino,RU,2021-03-23 00:03:06,57.0224,59.4412,17.82,93,90,8.97
471,Touros,BR,2021-03-23 00:03:06,-5.1989,-35.4608,78.8,89,20,6.91
472,Camacha,PT,2021-03-23 00:03:06,33.0833,-16.3333,57.2,67,20,6.91
473,Springbok,ZA,2021-03-23 00:03:07,-29.6643,17.8865,70.27,33,7,4.43
474,Villamontes,BO,2021-03-23 00:03:07,-21.25,-63.5,70.47,84,92,4.5
475,Goderich,CA,2021-03-23 00:00:02,43.7501,-81.7165,59.0,36,100,12.66
476,Xifeng,CN,2021-03-23 00:03:07,42.7372,124.7222,44.4,38,81,13.78
477,Omsukchan,RU,2021-03-23 00:03:08,62.5333,155.8,12.56,92,100,6.02
478,Ariquemes,BR,2021-03-23 00:02:02,-9.9133,-63.0408,72.82,97,82,2.08
479,Kunigal,IN,2021-03-23 00:03:08,13.0222,77.0267,69.3,54,56,5.17
480,Porto Novo,BJ,2021-03-23 00:03:08,6.4965,2.6036,82.4,74,20,14.97
481,Pingliang,CN,2021-03-23 00:03:09,35.5392,106.6861,42.4,55,0,3.85
482,Nyzhni Sirohozy,UA,2021-03-23 00:03:09,46.8484,34.3804,34.21,89,100,9.42
483,Grandview,US,2021-03-23 00:01:18,38.8858,-94.533,61.0,55,75,9.22
484,Grand Gaube,MU,2021-03-23 00:03:09,-20.0064,57.6608,77.0,88,62,1.99
485,Naze,JP,2021-03-23 00:03:10,28.3667,129.4833,59.0,51,75,11.5
486,Owando,CG,2021-03-23 00:03:10,-0.4819,15.8999,68.79,97,100,2.68
487,San Quintin,MX,2021-03-23 00:03:10,30.4833,-115.95,60.28,67,60,17.4
488,Silver City,US,2021-03-23 00:03:10,32.7701,-108.2803,53.6,19,1,23.02
489,Dingle,PH,2021-03-23 00:03:11,10.9995,122.6711,81.14,77,95,12.82
490,Bahia Blanca,AR,2021-03-23 00:03:11,-38.7196,-62.2724,67.41,38,52,5.57
491,Kenitra,MA,2021-03-23 00:03:11,34.261,-6.5802,46.4,93,0,4.83
492,Mao,ES,2021-03-23 00:03:12,39.8885,4.2658,48.2,81,0,6.91
493,Djougou,BJ,2021-03-23 00:03:12,9.7085,1.666,81.57,52,70,9.95
494,Lai,TD,2021-03-23 00:03:12,9.3952,16.2989,88.12,38,90,7.54
495,Yalutorovsk,RU,2021-03-23 00:03:12,56.6536,66.3006,6.12,96,63,6.8
496,Okha,RU,2021-03-23 00:03:13,53.5739,142.9478,16.95,83,99,14.85
497,Arauca,CO,2021-03-23 00:03:13,7.0847,-70.7591,83.77,47,68,4.03
498,Visby,SE,2021-03-23 00:03:13,57.6409,18.296,41.0,70,90,4.61
499,Los Llanos De Aridane,ES,2021-03-23 00:03:13,28.6585,-17.9182,64.4,63,90,10.36
500,Ribas Do Rio Pardo,BR,2021-03-23 00:03:14,-20.4431,-53.7592,78.21,54,11,2.15
501,Lata,PT,2021-03-23 00:03:14,40.1629,-8.3327,53.01,80,71,2.01
502,Laramie,US,2021-03-23 00:03:04,41.3114,-105.5911,37.4,44,40,9.22
503,Souris,CA,2021-03-23 00:03:14,49.6172,-100.2612,48.99,36,90,11.5
504,West Wendover,US,2021-03-23 00:03:09,40.7391,-114.0733,42.8,61,90,8.05
505,Prieska,ZA,2021-03-23 00:03:15,-29.6641,22.7474,71.69,33,3,6.02
506,Bilma,NE,2021-03-23 00:03:15,18.6853,12.9164,85.35,14,3,11.95
507,Katiola,CI,2021-03-23 00:03:15,8.1333,-5.1,77.0,88,98,4.61
508,Camana,PE,2021-03-23 00:03:16,-16.6228,-72.7111,71.65,83,97,6.33
509,Provideniya,RU,2021-03-23 00:03:16,64.3833,-173.3,5.0,66,0,4.47
510,Ziro,IN,2021-03-23 00:03:16,27.6333,93.8333,46.67,70,3,2.75
511,Nayoro,JP,2021-03-23 00:03:16,44.3506,142.4578,37.4,70,75,11.5
512,Agaro,ET,2021-03-23 00:03:17,7.85,36.65,57.69,31,14,1.25
513,Vieste,IT,2021-03-23 00:03:17,41.8825,16.175,42.8,70,75,5.75
514,Dalnerechensk,RU,2021-03-23 00:03:17,45.9339,133.7225,32.32,75,49,12.91
515,Poso,ID,2021-03-23 00:03:18,-1.3959,120.7524,80.91,78,90,3.62
516,Havre-Saint-Pierre,CA,2021-03-23 00:03:18,50.2334,-63.5986,39.2,60,1,16.11
517,Westport,US,2021-03-23 00:00:43,41.1415,-73.3579,48.0,76,1,6.91
518,Atambua,ID,2021-03-23 00:03:18,-9.1061,124.8925,79.66,75,99,0.29
519,Alice Springs,AU,2021-03-23 00:03:19,-23.7,133.8833,68.0,94,75,5.75
520,Kirkenes,NO,2021-03-23 00:03:19,69.7271,30.0458,23.0,63,90,14.97
521,Xiongzhou,CN,2021-03-23 00:03:19,25.1167,114.3,58.17,52,99,2.19
522,Were Ilu,ET,2021-03-23 00:03:19,10.6,39.4333,45.46,26,11,6.96
523,Rome,US,2021-03-23 00:03:20,34.257,-85.1647,66.2,37,1,5.75
524,Sorong,ID,2021-03-23 00:03:20,-0.8833,131.25,81.55,80,98,10.6
525,La Asuncion,VE,2021-03-23 00:03:20,11.0333,-63.8628,76.32,86,96,15.01
526,Lubu,CN,2021-03-23 00:03:21,23.1742,112.2809,64.0,99,100,1.43
527,Mogapinyana,BW,2021-03-23 00:03:21,-22.3667,27.6,64.83,82,0,12.44
528,Boromo,BF,2021-03-23 00:03:21,11.75,-2.9333,88.29,39,94,6.55
529,Saryozek,KZ,2021-03-23 00:03:22,44.3583,77.9753,42.87,54,100,5.17
530,Fushun,CN,2021-03-23 00:01:54,41.8558,123.9233,44.6,39,40,4.47
531,Noyabrsk,RU,2021-03-23 00:03:22,63.1994,75.4507,4.15,99,90,9.19
532,Tancanhuitz,MX,2021-03-23 00:03:22,21.6,-98.9667,88.25,36,0,7.23
533,Aguimes,ES,2021-03-23 00:03:23,27.9054,-15.4461,62.6,63,20,14.97
534,Havoysund,NO,2021-03-23 00:03:23,70.9963,24.6622,35.6,75,75,19.57
535,Don Sak,TH,2021-03-23 00:03:23,9.3168,99.6918,78.01,100,20,9.91
536,Zhirnovsk,RU,2021-03-23 00:03:24,50.9845,44.7735,26.94,87,100,6.33
537,Auki,SB,2021-03-23 00:03:24,-8.7676,160.7034,85.68,64,46,2.35
538,Moirang,IN,2021-03-23 00:03:24,24.5,93.7667,59.0,45,0,0.94
539,Beatrice,US,2021-03-23 00:03:25,40.2681,-96.747,48.99,100,90,9.22
540,Korem,ET,2021-03-23 00:03:25,12.5058,39.5228,49.28,29,3,2.77
541,Evensk,RU,2021-03-23 00:03:25,61.95,159.2333,14.74,92,100,31.23
542,Almaznyy,RU,2021-03-23 00:03:25,48.0448,40.045,37.4,93,75,8.95
543,Porto Belo,BR,2021-03-23 00:03:26,-27.1578,-48.5531,79.0,83,75,9.22
544,Waipawa,NZ,2021-03-23 00:03:26,-41.4122,175.5153,66.0,77,81,9.22
545,Ankpa,NG,2021-03-23 00:03:26,7.3706,7.6253,77.77,73,59,8.52
546,Astoria,US,2021-03-23 00:03:27,46.1879,-123.8313,46.4,76,75,10.36
547,Svetlaya,RU,2021-03-23 00:03:27,46.5389,138.3297,34.18,66,42,8.21
548,Port Keats,AU,2021-03-23 00:03:27,-14.25,129.55,84.16,74,100,4.52
549,Muros,ES,2021-03-23 00:03:27,42.7762,-9.0603,45.0,87,4,4.12
550,Gao,ML,2021-03-23 00:03:28,16.6362,1.637,80.49,16,28,12.37
551,Mumbwa,ZM,2021-03-23 00:03:28,-14.9783,27.0619,62.67,97,6,4.7
552,Ancud,CL,2021-03-23 00:03:28,-41.8697,-73.8203,55.99,89,53,3.0
553,Kibara,TZ,2021-03-23 00:03:29,-2.15,33.45,71.6,88,40,5.75
554,Kokopo,PG,2021-03-23 00:03:29,-4.352,152.2633,84.18,65,88,3.65
555,Kitimat,CA,2021-03-22 23:58:48,54.0524,-128.6534,42.8,70,75,8.05
556,Barcelona,ES,2021-03-23 00:00:29,41.3888,2.159,55.0,87,20,3.44
557,Udachnyy,RU,2021-03-23 00:03:29,66.4167,112.4,-28.79,96,56,4.16
558,Isilkul,RU,2021-03-23 00:03:30,54.9109,71.2728,11.77,97,87,4.65
559,Urusha,RU,2021-03-23 00:03:30,54.05,122.9,10.83,66,93,2.84
560,Araouane,ML,2021-03-23 00:03:30,18.9048,-3.5265,72.1,16,61,11.83
561,Berdigestyakh,RU,2021-03-23 00:03:30,62.0989,126.6992,-13.43,93,100,11.1
562,Neuquen,AR,2021-03-23 00:00:24,-38.9516,-68.0591,75.2,57,57,2.28
563,Malhador,BR,2021-03-23 00:03:36,-10.6578,-37.3047,80.6,74,40,6.91
564,Tenabo,MX,2021-03-23 00:03:36,20.05,-90.2333,89.6,37,20,14.97
565,Malindi,KE,2021-03-23 00:03:36,-3.2175,40.1191,78.87,79,38,4.32
566,Caravelas,BR,2021-03-23 00:03:37,-17.7125,-39.2481,75.54,83,1,4.81
567,Senneterre,CA,2021-03-23 00:03:37,48.3835,-77.2328,55.4,24,75,11.5
568,Maceio,BR,2021-03-23 00:02:20,-9.6658,-35.7353,80.6,83,75,5.75
569,Carsamba,TR,2021-03-23 00:03:37,41.1989,36.7219,55.99,87,75,3.44
570,Akyab,MM,2021-03-23 00:03:38,20.15,92.9,77.31,83,1,4.07
571,Gainesville,US,2021-03-22 23:58:50,29.6516,-82.3248,68.0,64,20,11.5
572,Blumenau,BR,2021-03-22 23:59:03,-26.9194,-49.0661,75.0,97,100,1.07
573,Sibolga,ID,2021-03-23 00:03:38,1.7427,98.7792,75.02,85,100,3.38
574,Yendi,GH,2021-03-23 00:03:38,9.4427,-0.0099,84.9,53,98,7.85
575,Sakaiminato,JP,2021-03-23 00:03:39,35.55,133.2333,42.8,87,20,6.91
576,Lewistown,US,2021-03-23 00:03:39,40.5992,-77.5714,57.2,23,1,4.61
577,Port Hedland,AU,2021-03-23 00:03:39,-20.3167,118.5667,77.0,78,27,4.61
578,Abrau-Dyurso,RU,2021-03-23 00:03:40,44.69,37.59,44.6,87,93,8.95
579,Dom Pedrito,BR,2021-03-23 00:03:40,-30.9828,-54.6731,68.27,82,99,5.1
580,Nouakchott,MR,2021-03-23 00:03:40,18.0858,-15.9785,66.2,82,0,10.36
581,Masuguru,TZ,2021-03-23 00:03:40,-11.3667,38.4167,71.53,98,100,1.52
582,Yantal,RU,2021-03-23 00:03:41,56.8471,105.2542,25.43,91,100,9.31
583,Viedma,AR,2021-03-23 00:03:41,-40.8135,-62.9967,71.06,34,0,11.83
584,Le Port,RE,2021-03-23 00:03:41,-20.9373,55.2919,77.0,88,90,6.91
585,Belaya Gora,RU,2021-03-23 00:03:42,68.5333,146.4167,-8.23,95,100,11.03
586,Smithers,CA,2021-03-23 00:01:02,54.7804,-127.1743,41.0,45,75,2.3
587,Adrar,MR,2021-03-23 00:03:42,20.5022,-10.0711,71.17,18,40,11.27
588,Lasa,IT,2021-03-23 00:03:42,46.6166,10.7002,32.0,69,40,9.22
589,Moyale,KE,2021-03-23 00:03:43,3.5167,39.0584,73.06,37,63,7.96
590,Portland,US,2021-03-23 00:03:33,45.5234,-122.6762,53.01,58,75,6.91
591,Biak,ID,2021-03-23 00:03:43,-0.9131,122.8766,80.1,77,91,0.45
592,Mandalgovi,MN,2021-03-23 00:03:43,45.7625,106.2708,32.36,40,99,12.44
593,Hanau,DE,2021-03-23 00:03:43,50.1333,8.9167,43.0,75,90,8.05
594,Clearlake,US,2021-03-23 00:03:44,38.9582,-122.6264,61.0,59,94,3.0
595,Fort Nelson,CA,2021-03-23 00:00:03,58.8053,-122.7002,19.4,53,75,4.61
596,Jishou,CN,2021-03-23 00:03:44,28.3167,109.7167,53.35,76,100,0.83
597,Monte Alegre,BR,2021-03-23 00:03:44,-2.0078,-54.0692,75.18,91,53,3.78
598,Wasilla,US,2021-03-23 00:03:45,61.5814,-149.4394,30.2,34,1,0.92
